"star_code","star","Distance (Lightyears)","TEMPERATURE","Mass (Sun)","radius (sun)","Luminosity","STELLAR TYPE"
9976,"Sekhmet's Resonance",64.4,3979,0.5,0.92,0.35,"K|3|V"
3313,"Cor Caroli",875.5034,4323,0.6,0.95,0.51,"K|3|V"
7057,"Nemea Residue",285.461,3208,0.1,0.36,0.06,"M|2|V"
5048,"Hamal",322.144,4902,0.7,0.78,0.34,"K|0|V"
6263,"Galactrix",970.968,2951,0.4,0.19,0.04,"M|5|V"
2457,"Wezen",773.2,3842,0.5,0.88,0.1,"K|2|V"
1270,"Abyssal Mirage",513.107,4082,0.8,0.7,0.18,"K|4|V"
4681,"Astrobane",784.129,2903,0.2,0.18,0.06,"M|5|V"
5402,"Adhil",574.4,2479,0.2,0.42,0.05,"M|5|V"
4180,"Nocturne Echo",1000.1,3845,0.8,0.86,0.19,"K|2|V"
443,"Aldulfin",827.13,4665,0.5,0.92,0.26,"K|3|V"
8939,"Kaus Media",320.336,3104,0.2,0.53,0.01,"M|3|V"
4251,"Biham",66.56,4642,0.5,0.88,0.24,"K|2|V"
5332,"Radiantara",1070.2055,4078,0.5,0.92,0.46,"K|2|V"
3429,"Imai",808.4,3824,0.8,0.83,0.35,"K|7|V"
9397,"Felixvarela",807.28,2535,0.4,0.28,0.08,"M|0|V"
7564,"Sakura's Silence",771.7,2416,0.2,0.5,0.01,"M|5|V"
3017,"Chalawan",963.67,2491,0.4,0.37,0.06,"M|7|V"
6072,"Fulu",1340,5278,0.8,1,0.8,"G|5|V"
9754,"Scheat",173,3424,0.2,0.26,0.01,"M|1|V"
8631,"Tangra",513,4092,0.8,0.83,0.24,"K|0|V"
3072,"Sansuna",1834.86,2502,0.2,0.68,0,"M|1|V"
6654,"Algol",1133.02,3712,0.7,0.96,0.33,"K|4|V"
1946,"Bharani",59.3,4550,0.5,0.8,0.18,"K|2|V"
400,"Frostbinder",4.54,3005,0.3,0.15,0.01,"M|1|V"
8436,"Kaze Celestial",393.825,3082,0.1,0.48,0.03,"M|4|V"
1575,"Aquilan Anomaly",839,2447,0.2,0.29,0.01,"M|5|V"
8623,"Tiaki",769.112,3220,0.4,0.46,0.04,"M|2|V"
9169,"Ryusei",612.033,2444,0.4,0.11,0.08,"M|6|V"
3013,"Sora Seraph",11.8893,2682,0.2,0.47,0.03,"M|7|V"
4518,"Etherion",6.2545,2481,0.2,0.1,0.02,"M|5|V"
5391,"Cassioflux",35.9,3943,0.5,0.9,0.29,"K|2|V"
3317,"Bubup",257.2,5443,1,1.01,1.01,"G|2|V"
4161,"Siriusith",3130,4166,0.5,0.84,0.43,"K|2|V"
3999,"Hinotori Whispers",500,4371,0.6,0.7,0.28,"K|3|V"
3714,"Macondo",326.936,2979,0.3,0.51,0.05,"M|1|V"
5173,"Enishi Resonance",338.98,2452,0.2,0.13,0.01,"M|2|V"
1453,"Tureis",1213.74,2406,0.1,0.37,0.05,"M|4|V"
9757,"Sylvari",1004.99,2543,0.2,0.4,0.04,"M|2|V"
6977,"Cosmoth",239.6,4014,0.6,0.9,0.27,"K|7|V"
1161,"Aegis Obscura",850.991,3550,0.4,0.33,0,"M|0|V"
1235,"Polaris Australis",2.31,2994,0.2,0.41,0.02,"M|4|V"
9548,"Kasumi Whisper",910.996,2733,0.2,0.1,0.01,"M|5|V"
2382,"Rana",11.0143,5696,0.9,1.14,0.7,"G|2|V"
4622,"Ain",597.943,2494,0.3,0.65,0.08,"M|8|V"
309,"Etherionara",455.685,3177,0.2,0.53,0.02,"M|3|V"
9039,"Diadem",1050.42,4186,0.5,0.89,0.46,"K|6|V"
9013,"Brimstone",981,3020,0.3,0.05,0.07,"M|3|V"
478,"Beemim",2481.4,3283,0.3,0.65,0.01,"M|2|V"
956,"Xamidimura",41.906,2490,0.2,0.36,0.04,"M|1|V"
9299,"Schedar",1102.66,2963,0.4,0.28,0.08,"M|2|V"
72,"Yūgen Shadows",684.6,5201,1,1.1,0.61,"G|2|V"
6010,"Astrophia",261.602,2829,0.4,0.56,0.07,"M|0|V"
9494,"Thalassa's Shroud",96.9,5524,1,1.09,0.95,"G|2|V"
5182,"Ombraflux",667.405,2470,0.3,0.61,0.04,"M|0|V"
2782,"Dschubba",536.107,3905,0.6,0.86,0.13,"K|6|V"
700,"Lygos Veil",545.29,3703,0.6,0.87,0.26,"K|3|V"
8277,"Aetherion",101.95,3974,0.6,0.74,0.53,"K|6|V"
97,"Gomeisa",547,3111,0.2,0.1,0.05,"M|2|V"
5877,"Rasalhague",417.6,5734,0.9,1.04,0.8,"G|2|V"
318,"Selene's Whimsy",677.599,5396,0.9,1.05,0.8,"G|4|V"
9453,"Tupi",1116.45,5364,0.9,0.98,0.77,"G|5|V"
9953,"Menkent",1354.1,3201,0.4,0.6,0.07,"M|2|V"
9698,"Starshara",565.643,2408,0.4,0.13,0.07,"M|8|V"
6031,"Stellaria Whimsy",488.806,3180,0.1,0.53,0.07,"M|3|V"
1551,"Bastet's Mirage",701.262,4106,0.6,0.86,0.13,"K|3|V"
3596,"Bastet's Horizon",1253.29,2560,0.1,0,0.02,"M|1|V"
9158,"Dracozen",113.072,2467,0.2,0.2,0.06,"M|5|V"
1263,"Mazaalai",7200,3726,0.5,0.95,0.52,"K|6|V"
7732,"Koit",345.161,2856,0.2,0.6,0.05,"M|2|V"
899,"Rimeblade",385.401,2743,0.2,0.53,0.07,"M|2|V"
8900,"Morava",108.5,3222,0.2,0.08,0.03,"M|2|V"
1845,"Celestial Serenity",172.6,2407,0.1,0.63,0.03,"M|1|V"
7525,"Umbra Veil",373.81,3048,0.4,0,0.06,"M|2|V"
4763,"Solarionara",632.551,4601,0.6,0.81,0.49,"K|3|V"
3384,"Asellus Australis",1589.81,4672,0.8,0.92,0.35,"K|3|V"
8256,"Toliman",26.15,2715,0.1,0.37,0,"M|3|V"
7679,"Elnath",30.5,2687,0.4,0.5,0,"M|7|V"
1074,"Aljanah",45.5621,2898,0.4,0.01,0.07,"M|5|V"
1397,"Osiris Cascade",651.763,3701,0.7,0.75,0.46,"K|5|V"
5210,"Riftwarder",425.5,5738,0.9,1.04,0.61,"G|2|V"
8972,"Suhail",316.61,2683,0.3,0.11,0.08,"M|1|V"
9483,"Yami Silence",577.267,4407,0.7,0.92,0.49,"K|2|V"
9988,"Helixar",804.13,2881,0.1,0.48,0.02,"M|1|V"
2302,"Stellae Abyss",788.955,3079,0.2,0.13,0.03,"M|1|V"
6895,"Lionrock",900.82,4051,0.8,0.75,0.17,"K|4|V"
4727,"Belel",6.33,2621,0.1,0.65,0.01,"M|3|V"
7463,"Frostbeard",518.4,2529,0.2,0.34,0.08,"M|8|V"
7497,"Kasai",165.393,4127,0.8,0.95,0.33,"K|5|V"
4259,"Ukiyo Reverie",42.25,2568,0.1,0.1,0.04,"M|6|V"
1865,"Fawaris",399.313,3056,0.4,0.36,0.04,"M|2|V"
3852,"Quasar Seraph",234.1,2936,0.3,0.44,0.02,"M|5|V"
9242,"Citalá",1013.79,2501,0.3,0.36,0.06,"M|3|V"
7950,"Cacophonic Murmurs",566.189,4256,0.7,0.8,0.37,"K|5|V"
9869,"Mesarthim",1579.28,3139,0.2,0.62,0.07,"M|3|V"
9655,"Aurum Quasar",5690,2533,0.2,0.29,0.04,"M|5|V"
8873,"Seishin",714.082,3838,0.6,0.71,0.25,"K|6|V"
9339,"Situla",473.709,2677,0.3,0.57,0.06,"M|2|V"
6561,"Koi's Ascendance",216.5,2450,0.4,0.41,0.02,"M|8|V"
256,"Nyamien",980,2495,0.1,0.38,0.04,"M|5|V"
7581,"Almaaz",656.642,5281,0.9,1,1.39,"G|3|V"
8945,"Chechia",37.89,2671,0.3,0.32,0.06,"M|3|V"
712,"Muliphein",121.971,5286,0.9,1.13,0.81,"G|2|V"
2474,"Starlight Whisper",1017.85,3840,0.7,0.88,0.6,"K|7|V"
4479,"Nebulonara",466.374,3383,0.2,0.7,0.03,"M|1|V"
1004,"Chaophraya",1038.21,2541,0.4,0.1,0.03,"M|4|V"
4872,"Starlight Haven",704.771,2671,0.4,0.64,0.01,"M|7|V"
145,"Penumbralix",485.319,4119,0.7,0.84,0.45,"K|3|V"
7304,"Rigil Kentaurus",155.9843,3659,0.2,0.29,0,"M|0|V"
1222,"Riftwanderer",25,4746,0.6,0.8,0.39,"K|2|V"
9998,"Bonsai Silence",925.754,2666,0.3,0.32,0.07,"M|2|V"
9561,"Arcanum Flux",380,4163,0.5,0.81,0.59,"K|6|V"
7118,"Yugen",436.472,2431,0.4,0.34,0.06,"M|2|V"
5661,"Palladium Shroud",691.04,3392,0.1,0.51,0.03,"M|0|V"
603,"Obelisk Beacon",120.2,2491,0.3,0.59,0.02,"M|6|V"
5967,"Caelus Cipher",570,4681,0.5,0.8,0.32,"K|3|V"
6518,"Whalebone",731.904,2436,0.3,0.02,0.06,"M|2|V"
9317,"Samurai's Veil",86.6159,3345,0.4,0.54,0.05,"M|1|V"
4240,"Helionara",275.265,5604,0.9,1,0.99,"G|4|V"
6795,"Asterope",287.23,4228,0.6,0.89,0.18,"K|2|V"
9426,"Betelgeuse",497,2501,0.4,0.01,0.03,"M|8|V"
3417,"Starglow Haven",113.39,3709,0.6,0.84,0.16,"K|7|V"
7960,"Zephyrianix",52.9,3909,0.6,0.94,0.52,"K|5|V"
1181,"Nebularian",373.622,5396,1,1.1,1.02,"G|4|V"
1565,"Koeia",550.237,2827,0.2,0.49,0.05,"M|5|V"
2743,"Cleopatra's Loom",113.53,4082,0.8,0.82,0.33,"K|2|V"
7051,"Obelisk Shadows",385,2847,0.4,0.43,0.06,"M|2|V"
8975,"Nosaxa",82.4251,2759,0.1,0.29,0.03,"M|4|V"
8456,"Zubenelhakrabi",716.62,2794,0.2,0.65,0.07,"M|3|V"
8347,"Quanticara",499.51,2640,0.1,0.26,0,"M|4|V"
9983,"Elysian Anomaly",137,5542,0.9,1.03,0.83,"G|2|V"
6024,"Oakenshield",6,2545,0.4,0.1,0.01,"M|2|V"
738,"Ephemeral Labyrinth",278.536,2569,0.1,0.06,0,"M|2|V"
6790,"Albireo",61.89,3840,0.7,0.78,0.16,"K|2|V"
5738,"Skjoldr",178.84,2809,0.2,0.48,0.08,"M|4|V"
637,"Errai",254,5424,0.9,1.01,0.99,"G|4|V"
5535,"Kōri",231.5,3933,0.6,0.81,0.11,"K|0|V"
3351,"Solaris",15.3,3265,0.2,0.11,0.04,"M|3|V"
3274,"Ignifera",396.9,2872,0.3,0.05,0.05,"M|4|V"
7161,"Lunaris",268.2,3321,0.4,0.33,0.05,"M|1|V"
3073,"Whalecaller",400.2,3797,0.8,0.89,0.16,"K|7|V"
2832,"Eaglecrest",54.91,3500,0.3,0.32,0.05,"M|1|V"
9210,"Aldhibah",990.44,2903,0.1,0.04,0.03,"M|4|V"
2355,"Propus",350,2467,0.4,0.5,0.02,"M|8|V"
71,"Cosmosol",800.769,2466,0.2,0.45,0.07,"M|5|V"
7405,"Mikado Serenity",328.4,4312,0.6,0.83,0.4,"K|5|V"
5372,"Galaxix",426.57,3870,0.6,0.84,0.3,"K|7|V"
8755,"Kōkei Labyrinth",453,2569,0.1,0.33,0.07,"M|5|V"
3086,"Alniyat",788.98,2957,0.1,0,0.04,"M|2|V"
7300,"Kaminari Enigma",1363.19,3110,0.4,0.52,0.06,"M|2|V"
7579,"Heliosys",63,4018,0.8,0.81,0.26,"K|6|V"
5074,"Vortexith",1081.43,2926,0.2,0.14,0.03,"M|3|V"
8566,"Ronin's Veil",1224.44,5569,0.9,1.08,0.7,"G|4|V"
8983,"Minelauva",578.102,4148,0.7,0.82,0.31,"K|6|V"
8224,"Sakura Radiance",3200,5719,1,1.14,0.64,"G|2|V"
2192,"Mönch",218.376,4012,0.7,0.79,0.08,"K|7|V"
5381,"Cimmerian Veil",144,2776,0.1,0.53,0.03,"M|5|V"
3481,"Ainalrami",1053.19,2450,0.4,0.27,0.04,"M|8|V"
6971,"Spectrion",289.54,2826,0.4,0.33,0.08,"M|4|V"
8284,"Alrakis",744.269,2453,0.3,0.61,0.06,"M|7|V"
6968,"Pharaoh's Silence",578.637,2492,0.3,0.11,0.03,"M|5|V"
5972,"Alshain",159.1,2877,0.2,0.68,0.08,"M|5|V"
3045,"Haruka Echoes",10.34,2501,0.3,0.58,0.03,"M|0|V"
2298,"Brachium",851.716,2463,0.4,0.49,0.07,"M|6|V"
5667,"Shogun's Echo",33.3,4143,0.7,0.75,0.26,"K|5|V"
7544,"Giausar",16.9,2938,0.4,0.1,0.02,"M|3|V"
1376,"Quasar Nova",1745.81,3166,0.2,0.08,0.06,"M|0|V"
1365,"Ankh Seraph",860,3160,0.1,0.31,0.03,"M|3|V"
2966,"Darkonium",1509.084,3188,0.2,0.15,0.08,"M|2|V"
6963,"Intercrus",1184.13,2648,0.1,0.62,0.06,"M|4|V"
6884,"Stribor",134,2518,0.4,0.47,0.02,"M|5|V"
5939,"Cujam",179.4,3119,0.2,0.25,0.02,"M|2|V"
4848,"Spectral Veil",77.76,2854,0.3,0.22,0.04,"M|2|V"
6133,"Yozora",491.618,2745,0.4,0.63,0.03,"M|2|V"
6715,"Solaris Shroud",1267.59,2557,0.1,0.58,0.07,"M|4|V"
3358,"Hannya's Expanse",552.029,2494,0.4,0.66,0.04,"M|4|V"
1292,"Rasalas",10.2295,2908,0.1,0.21,0.07,"M|1|V"
5191,"Tania Borealis",639.62,3856,0.8,0.74,0.53,"K|7|V"
9687,"Arkab Posterior",1178.97,2739,0.2,0.24,0.02,"M|2|V"
3065,"Kiri Horizon",1859.77,4020,0.7,0.75,0.48,"K|5|V"
2399,"Lunarianth",225.7,2538,0.1,0.51,0.02,"M|7|V"
6678,"Nebula Obscura",519.82,2411,0.4,0.62,0.02,"M|7|V"
7635,"Marfik",472.947,3842,0.6,0.74,0.22,"K|5|V"
167,"Kalausi",261.253,4493,0.6,0.86,0.26,"K|2|V"
5850,"Intan",182.3,5609,0.9,0.98,1.11,"G|2|V"
9728,"Titanium Quasar",32.4298,3021,0.4,0.31,0.05,"M|2|V"
8568,"Ginan",286,2965,0.1,0.2,0.07,"M|4|V"
1253,"Ankh Horizon",211.1,2566,0.2,0.34,0.02,"M|2|V"
5987,"Ninja's Horizon",17.64,2743,0.4,0.2,0.07,"M|4|V"
7479,"Mekbuda",23.1,4077,0.5,0.78,0.51,"K|5|V"
4132,"Botein",47.3924,2728,0.1,0.61,0.05,"M|4|V"
5295,"Merak",467.792,3811,0.7,0.86,0.43,"K|7|V"
1182,"Obsidian Whispers",6260,3949,0.6,0.92,0.35,"K|5|V"
4561,"Veritate",1602.52,5820,0.8,1.07,1.42,"G|2|V"
5880,"Cassioth",887.064,2546,0.2,0.16,0.02,"M|2|V"
9243,"Kurai Veil",508,3717,0.7,0.94,0.48,"K|7|V"
4762,"Kagayaki",133,3166,0.3,0.15,0.07,"M|3|V"
364,"Eonix",123.92,3853,0.5,0.81,0.58,"K|2|V"
1348,"Ashlesha",1491.87,3326,0.1,0.52,0.03,"M|0|V"
2316,"Alioth",31.6,2469,0.3,0.26,0.04,"M|8|V"
708,"Alhena",871.096,2604,0.3,0.63,0.06,"M|4|V"
9280,"Comet Veil",28.94,2522,0.2,0.31,0.03,"M|0|V"
553,"Wasat",361.857,2958,0.1,0.61,0.02,"M|3|V"
1297,"Horna",774.833,2950,0.2,0.32,0.04,"M|3|V"
8425,"Nebula Whisper",3900,2649,0.3,0.55,0.03,"M|6|V"
2506,"Alpheratz",230,3192,0.2,0.55,0.07,"M|0|V"
457,"Radiara",576.181,2586,0.3,0.37,0.03,"M|7|V"
4430,"Pherkad",688.089,5548,0.8,1.11,0.78,"G|3|V"
2122,"Astroth",36.6,3342,0.4,0.35,0.05,"M|2|V"
5104,"Pharaoh's Veil",64.7178,3952,0.5,0.93,0.26,"K|0|V"
9422,"Exoplantra",1307.52,3086,0.2,0.59,0.07,"M|2|V"
5604,"Ketsueki Whispers",872,3132,0.2,0.68,0.08,"M|1|V"
3613,"Cryptic Nebula",6470,2742,0.1,0.09,0.04,"M|4|V"
9495,"Tamashī Labyrinth",1025.72,5453,1,1.13,1.07,"G|4|V"
9010,"Alkaphrah",434.75,3517,0.4,0.04,0.04,"M|1|V"
240,"Uchū",143.6,2882,0.4,0.13,0.04,"M|4|V"
6731,"Vermilion Expanse",517.687,4420,0.7,0.88,0.2,"K|2|V"
1307,"Peacock",868.659,2829,0.3,0.3,0.07,"M|3|V"
6705,"Phantasma",10.623,2799,0.3,0.44,0.05,"M|6|V"
1146,"Whispering Cosmos",279.033,3803,0.5,0.94,0.19,"K|2|V"
3942,"Taygeta",263.4,3072,0.2,0.24,0.04,"M|4|V"
5626,"Wazn",192.4,2615,0.4,0.41,0.02,"M|5|V"
2280,"Fuji Nebula",269.21,4123,0.6,0.92,0.4,"K|6|V"
1967,"Tesserara",52.82,2648,0.3,0.36,0.01,"M|2|V"
1055,"Nekkar",8500,2463,0.2,0.12,0.05,"M|4|V"
1847,"Dabih",154.57,3011,0.3,0.18,0.03,"M|0|V"
6398,"Mimosa",135.17,4154,0.5,0.74,0.4,"K|5|V"
8102,"Sakura's Labyrinth",824.334,2699,0.2,0.39,0.03,"M|4|V"
3671,"Vortexion",861.252,5502,0.8,1.12,1.01,"G|2|V"
3028,"Quantum Quasar",14.9,2562,0.3,0.24,0.04,"M|1|V"
175,"Alya",282.358,2980,0.1,0.27,0.04,"M|3|V"
6538,"Cosmaraith",499.176,3993,0.7,0.74,0.34,"K|7|V"
83,"Kasai Ember",92.43,4203,0.6,0.74,0.51,"K|2|V"
7379,"Uruk",313.87,4762,0.7,0.85,0.41,"K|2|V"
9811,"Pyramid Radiance",100.9,5301,0.9,1,0.67,"G|4|V"
8662,"Sargas",435.7,2843,0.2,0.25,0.01,"M|1|V"
2029,"Orion's Haven",1004.82,2578,0.4,0.56,0.03,"M|7|V"
8504,"Quasarionara",1373.83,4134,0.8,0.78,0.31,"K|0|V"
6109,"Seth's Enigma",368.283,3194,0.2,0.47,0.06,"M|0|V"
7534,"Chasoň",519.122,3007,0.3,0.62,0.02,"M|3|V"
5280,"Etherios",319.57,2525,0.4,0.13,0.04,"M|2|V"
5001,"Okab",110.22,2856,0.4,0.41,0.01,"M|3|V"
6261,"Cleopatra's Resonance",12.62,3144,0.4,0.47,0.06,"M|2|V"
3806,"Koi Horizon",140.4,3017,0.3,0.22,0.05,"M|2|V"
6311,"Helionyx",452,3754,0.5,0.87,0.25,"K|5|V"
3110,"Astrum Cryptic",3930,2618,0.3,0,0.06,"M|2|V"
4776,"Cosmogon Enigma",38,5757,1,1.03,1.07,"G|2|V"
1295,"Isis Threshold",1061.91,2452,0.2,0.3,0.06,"M|3|V"
1780,"Gakyid",560.978,3910,0.5,0.82,0.27,"K|7|V"
3294,"Orion's Echo",965.624,2523,0.3,0.23,0.03,"M|4|V"
6216,"Aurora Phantasm",6705,3263,0.3,0.13,0.01,"M|2|V"
9141,"Galactic Ember",7880,3934,0.5,0.83,0.36,"K|5|V"
9215,"Quantum Radiance",89.8,2900,0.1,0.66,0.01,"M|4|V"
2953,"Amaterasu Mirage",35.87,2569,0.2,0.5,0.06,"M|2|V"
2401,"Eternal Murmurs",793.021,3865,0.5,0.88,0.17,"K|2|V"
1882,"Umbral Depths",28.04,2456,0.1,0.47,0.03,"M|7|V"
1801,"Paikauhale",19.5711,5490,0.9,0.98,0.63,"G|5|V"
8762,"Celestros",965.158,3200,0.2,0.44,0.05,"M|2|V"
8478,"Guniibuu",460.995,3960,0.6,0.77,0.3,"K|7|V"
373,"Merga",810,2438,0.4,0.64,0.06,"M|3|V"
2101,"Aldebaran",164,3765,0.6,0.93,0.5,"K|7|V"
8539,"Barnard's Star",101.3,2425,0.1,0.09,0.01,"M|7|V"
6228,"Quantumith",65.8,4226,0.5,0.88,0.25,"K|2|V"
8701,"Galaxara",852.006,4623,0.7,0.91,0.33,"K|3|V"
9779,"Denebola",6620,2823,0.2,0.37,0.01,"M|1|V"
4390,"Unurgunite",1072.5,3213,0.3,0.03,0.03,"M|3|V"
9711,"Sadalmelik",192.34,4330,0.5,0.85,0.14,"K|2|V"
2400,"Jishui",1585.04,3380,0.2,0.66,0.07,"M|1|V"
275,"Nebulous Silence",100.01,5444,0.8,0.97,1.1,"G|2|V"
8450,"Phantasmal Abyss",1046.03,4469,0.5,0.95,0.36,"K|2|V"
3639,"Parumleo",40,3719,0.7,0.78,0.28,"K|2|V"
4373,"Scarabian Veil",69.2,2795,0.2,0,0.03,"M|5|V"
530,"Izar",1367.8,2401,0.3,0.28,0.02,"M|8|V"
9924,"Menkalinan",121.36,2990,0.1,0.56,0.02,"M|1|V"
8521,"Luminastra",802.311,3986,0.6,0.8,0.09,"K|2|V"
6837,"Yurei Celestial",315.637,4322,0.7,0.96,0.46,"K|3|V"
7630,"Quasarlynx",460.2,4080,0.7,0.79,0.3,"K|5|V"
57,"Bastet's Silence",253,3123,0.1,0.65,0.05,"M|1|V"
5070,"Musica",419.5,3387,0.4,0.62,0.03,"M|1|V"
1015,"Tōku Echoes",340,3124,0.4,0.15,0.04,"M|3|V"
3083,"Avior",641.272,2615,0.2,0.23,0.02,"M|2|V"
1548,"Nebulosys",1295.67,4030,0.6,0.8,0.49,"K|6|V"
8090,"Heze",489.88,2856,0.2,0.29,0.05,"M|2|V"
5231,"Phecda",403.323,2624,0.4,0.61,0.01,"M|2|V"
4454,"Eldritch Veil",36,3717,0.7,0.89,0.27,"K|3|V"
6499,"Nebulae Cipher",480,2488,0.1,0.68,0.03,"M|5|V"
3918,"Fang",459.664,3808,0.6,0.88,0.28,"K|5|V"
4832,"Frostbloom",1052.2,2473,0.3,0.51,0.05,"M|4|V"
1051,"Alshat",27.4,2801,0.1,0.57,0,"M|3|V"
771,"Ignitionara",17.7,3618,0.1,0.63,0.01,"M|0|V"
2430,"Buna",280.5,3189,0.3,0.08,0.02,"M|2|V"
5982,"Anadolu",619.146,3843,0.5,0.91,0.11,"K|3|V"
4599,"Almach",622,2852,0.2,0.31,0.02,"M|2|V"
7755,"Azha",91.722,3489,0.4,0.21,0.05,"M|1|V"
9912,"Anser",5670,3860,0.6,0.88,0.36,"K|7|V"
2184,"Quantronix",6649,2601,0.1,0.02,0.08,"M|3|V"
2042,"Quantum Mirage",260.879,4176,0.5,0.92,0.27,"K|5|V"
2379,"Miram",1265.5,2599,0.3,0.46,0.04,"M|2|V"
8251,"Quantraflux",360.77,3764,0.5,0.84,0.13,"K|5|V"
2439,"Ecliptix",894.214,2522,0.3,0.01,0.01,"M|5|V"
557,"Cryptic Mirage",154.33,2514,0.1,0.49,0.03,"M|0|V"
116,"Infinity Iris",19.3,4363,0.7,0.89,0.26,"K|3|V"
7171,"Poerava",1539.69,2619,0.4,0.55,0,"M|3|V"
2405,"Lyra",27.2,2915,0.3,0.58,0.04,"M|2|V"
4910,"Kurhah",440.5,2652,0.3,0.03,0.06,"M|4|V"
6776,"Sadalsuud",126.7,3847,0.6,0.8,0.09,"K|2|V"
7299,"Sabik",15.62,2457,0.4,0.35,0.03,"M|4|V"
1059,"Celestial Echo",560.445,3194,0.3,0.39,0.05,"M|3|V"
4067,"Titawin",1857,3723,0.6,0.86,0.57,"K|7|V"
1908,"Yildun",907,3266,0.1,0.4,0.04,"M|1|V"
9956,"Nenque",278,2655,0.2,0.42,0.06,"M|7|V"
7357,"Nebulith",695.58,5057,0.8,0.76,0.28,"K|0|V"
588,"Horus' Resonance",33.46,2501,0.3,0.62,0.01,"M|8|V"
3677,"Lurking Whispers",489.069,2986,0.3,0.55,0.03,"M|2|V"
4264,"Vesperian Crypt",23.7324,4571,0.8,0.94,0.15,"K|2|V"
4001,"Caph",593.472,3851,0.6,0.95,0.49,"K|2|V"
9084,"Ryusei Radiance",577.62,2731,0.2,0.01,0.04,"M|2|V"
8390,"Diphda",372.5,2490,0.4,0.33,0.05,"M|8|V"
4785,"Nebulion",506.87,3884,0.7,0.7,0.41,"K|5|V"
1581,"Illyrian",463.4,2696,0.2,0.35,0.04,"M|4|V"
31,"Snowstrider",3380,4209,0.8,0.92,0.2,"K|5|V"
6202,"Markab",109.07,2619,0.3,0.41,0.04,"M|5|V"
6935,"Ronin's Cascade",16.1,2615,0.4,0.02,0.02,"M|2|V"
3199,"Hotaru Ascendance",53.05,3331,0.2,0.26,0.01,"M|2|V"
2530,"Zubeneschamali",1232.89,2733,0.2,0.29,0.02,"M|6|V"
1493,"Nervia",1200,3778,0.7,0.88,0.48,"K|3|V"
5921,"Nebula Nova",225,2676,0.2,0.06,0.08,"M|3|V"
9364,"Ra's Echo",262.4,2937,0.4,0.12,0.07,"M|2|V"
742,"Shizuku Seraph",690.336,5532,1,1.15,1.36,"G|5|V"
7071,"Ukdah",19.8,3207,0.1,0.21,0.06,"M|3|V"
6754,"Alpherg",554.908,2483,0.4,0.4,0.01,"M|8|V"
8647,"Tania Australis",969.556,2983,0.2,0.02,0.07,"M|2|V"
7816,"Aurora Anomaly",626.4,3259,0.4,0.34,0.04,"M|2|V"
7923,"Alkalurops",68.5,2742,0.4,0.54,0.02,"M|2|V"
5221,"Acrab",35.9098,3381,0.2,0.62,0.07,"M|1|V"
6693,"Tarf",705.48,4019,0.7,0.89,0.47,"K|7|V"
6911,"Secunda Hyadum",1441.96,3275,0.1,0.41,0.06,"M|1|V"
5292,"Geisha's Mirage",21.9,2625,0.3,0.46,0.03,"M|3|V"
2123,"Mebsuta",55.2,2617,0.2,0.41,0,"M|6|V"
835,"Drakonir",769.468,2836,0.4,0.4,0.05,"M|4|V"
3930,"Tianguan",135.8,3243,0.3,0.04,0.04,"M|0|V"
1777,"Geisha's Echo",222,2698,0.2,0.56,0.06,"M|6|V"
3365,"Siriusnova",516.087,3071,0.1,0.06,0.04,"M|3|V"
522,"Astraflame",905.069,3772,0.6,0.88,0.56,"K|7|V"
6714,"Bonsai Celestial",942.418,3709,0.6,0.8,0.32,"K|5|V"
7763,"Nushagak",826.788,2910,0.1,0.04,0.03,"M|0|V"
3510,"Phoenicia",111.4,2584,0.3,0.2,0.04,"M|7|V"
4386,"Obelisk Whisper",456.122,5477,1,1.12,1.16,"G|5|V"
3768,"Reikon Resonance",1160,4158,0.8,0.85,0.13,"K|3|V"
253,"Gumala",1035.2,3866,0.5,0.74,0.19,"K|3|V"
1399,"Shama",651.084,4507,0.5,0.91,0.57,"K|2|V"
9001,"Cerulean Cryptic",134.61,2842,0.1,0.5,0.01,"M|4|V"
8410,"Samurai's Ember",61.12469,2928,0.4,0.67,0.01,"M|5|V"
7982,"Mago",341.22,2544,0.1,0.1,0.03,"M|8|V"
2938,"Ruchbah",802.053,4217,0.6,0.92,0.25,"K|0|V"
4587,"Minchir",6600,2740,0.2,0.33,0.06,"M|3|V"
1135,"Shinju Serenity",64.1,5581,1,1,0.67,"G|4|V"
5855,"Astrobix",502.34,5566,0.9,1.09,1,"G|2|V"
1682,"Amadioha",1628,2780,0.2,0.33,0.07,"M|4|V"
8731,"Aetherionyx",405,5675,0.8,1.07,1.06,"G|2|V"
1029,"Quanticus",482.6,3902,0.5,0.89,0.44,"K|2|V"
6326,"Arneb",393.561,2687,0.3,0.57,0.04,"M|2|V"
8235,"Ra's Ascendance",365,2412,0.2,0.53,0.02,"M|4|V"
6565,"Solarflarex",223.55,2951,0.3,0.69,0.01,"M|3|V"
7213,"Helian Nebula",844.99,2602,0.2,0.1,0.01,"M|3|V"
7212,"Fomalhaut",511.95,3355,0.4,0.46,0.05,"M|2|V"
8536,"Polis",543.39,2681,0.4,0.57,0.03,"M|7|V"
2614,"Ebon Crypt",496.894,2576,0.2,0.55,0.02,"M|3|V"
8790,"Aurum Obscura",31.17,3152,0.4,0.29,0.05,"M|0|V"
2992,"Ninja's Radiance",1402.72,3326,0.3,0.7,0.02,"M|1|V"
4791,"Baekdu",22.0016,2470,0.2,0.03,0.06,"M|8|V"
208,"Cosmaraud",45.9,2592,0.4,0.04,0.05,"M|3|V"
7628,"Astral Echo",1310,4175,0.5,0.87,0.18,"K|5|V"
5628,"Aladfar",369.66,3074,0.4,0.58,0.01,"M|1|V"
9975,"Nile Celestial",81.86,2682,0.4,0.63,0.06,"M|2|V"
7206,"Nihal",904.814,2536,0.2,0.58,0.04,"M|1|V"
1230,"Flegetonte",4.98,5472,0.9,1.12,1.11,"G|2|V"
1393,"Mothallah",1034.02,3804,0.5,0.8,0.45,"K|4|V"
722,"Procyon",122.4,3901,0.7,0.92,0.23,"K|2|V"
3994,"Skaldspark",68.06,2483,0.2,0.48,0.04,"M|1|V"
2076,"Nebula Nexus",1196.74,2719,0.3,0.63,0.07,"M|4|V"
8176,"Geisha's Whisper",22.5243,5511,1,1.02,1.26,"G|5|V"
5884,"Wolfheart",373.5,4557,0.8,0.81,0.31,"K|2|V"
7260,"Aetherionis",1098.1,2664,0.2,0.09,0.02,"M|4|V"
698,"Nembus",1125.87,2716,0.4,0.27,0.08,"M|6|V"
1268,"Stellaria Crypt",327.783,2588,0.3,0.1,0.03,"M|2|V"
7494,"Lich",987.849,5678,1,0.96,1.01,"G|3|V"
8106,"Vesperian Whimsy",42.4061,2439,0.3,0.67,0.06,"M|7|V"
6851,"Kirei",1575.2,2825,0.3,0.15,0.05,"M|5|V"
3048,"Igniflux",386.757,4211,0.7,0.8,0.11,"K|3|V"
2765,"Stellarastrum",1162.66,2917,0.2,0.36,0.03,"M|1|V"
9236,"Fafnir",500.395,2471,0.1,0.05,0.05,"M|5|V"
3462,"Achernar",6280,2520,0.2,0.69,0.02,"M|1|V"
811,"Spectronix",1045.48,3174,0.3,0.22,0.02,"M|1|V"
1423,"Starlight Shroud",1550,3084,0.3,0.42,0.05,"M|1|V"
6390,"Hatysa",425.116,2915,0.1,0.6,0.04,"M|5|V"
7024,"Sheliak",1476.67,2539,0.3,0.29,0.08,"M|7|V"
157,"Praecipua",1153.82,5448,0.9,1.01,1.24,"G|5|V"
3812,"Stormrider",691.82,3476,0.1,0.01,0.01,"M|1|V"
5181,"Cosmaronix",145.701,2466,0.4,0.14,0.04,"M|3|V"
5242,"Axólotl",31.07,4024,0.7,0.85,0.27,"K|5|V"
4847,"Zenitharian",11.1017,3242,0.2,0.51,0.04,"M|2|V"
6124,"Lilii Borea",1191.19,5528,0.9,1.04,0.63,"G|2|V"
2841,"Algedi",330,3892,0.5,0.96,0.24,"K|2|V"
3740,"Hawkfire",7.704,2956,0.4,0.3,0.06,"M|0|V"
920,"Tojil",202.59,3006,0.4,0.2,0.07,"M|3|V"
2304,"Alphecca",362.818,2705,0.1,0.39,0.06,"M|3|V"
5125,"Galaxy Seraph",788.644,4338,0.5,0.92,0.38,"K|5|V"
2477,"Orion's Gaze",155,2766,0.4,0.48,0.07,"M|5|V"
6100,"Nikawiy",32.6,2460,0.2,0.25,0.05,"M|5|V"
3870,"Maasym",801.346,3225,0.4,0.25,0.04,"M|3|V"
3388,"Homam",34.6011,3811,0.8,0.96,0.53,"K|3|V"
4440,"Alrescha",820.506,4186,0.8,0.76,0.52,"K|6|V"
879,"Crimson Enigma",4600,5005,0.7,0.8,0.23,"K|1|V"
3572,"Asterion Abyss",507.94,2494,0.3,0.7,0.08,"M|3|V"
7242,"Berehynia",764.468,4970,0.6,0.7,0.14,"K|0|V"
6193,"Deneb Algedi",553.618,2614,0.4,0.28,0,"M|3|V"
5303,"Astroflux",943.841,5245,1,1.12,1.43,"G|4|V"
8912,"Dìwö",135,2636,0.1,0.29,0.07,"M|3|V"
4252,"Alderamin",32.4,2428,0.1,0.64,0.05,"M|7|V"
4484,"Montuno",1266.46,4253,0.6,0.93,0.32,"K|5|V"
45,"Terebellum",1154.87,2653,0.3,0.26,0.06,"M|5|V"
9400,"Vega",1142.05,3022,0.3,0.14,0.01,"M|1|V"
6824,"Liesma",1139.98,5813,1,1.14,1.35,"G|2|V"
9246,"Kawa Enigma",513.769,3268,0.4,0.4,0.01,"M|0|V"
250,"Menkib",230.36,2894,0.2,0.62,0.03,"M|3|V"
4263,"Nova Prism",120.5,3972,0.6,0.85,0.12,"K|6|V"
4951,"Penumbrion",667.022,4333,0.6,0.81,0.59,"K|3|V"
4936,"Ignitionix",1425.31,4274,0.6,0.74,0.32,"K|2|V"
2962,"Ebon Depths",596.24,5378,0.9,1.07,0.91,"G|4|V"
2617,"Ayeyarwady",328.007,4749,0.6,0.84,0.59,"K|2|V"
8668,"Lunariara",1009,3813,0.5,0.78,0.25,"K|2|V"
8721,"Berserkr",12.6,2423,0.2,0.02,0.01,"M|7|V"
6441,"Crimson Void",498.7,2762,0.2,0.21,0.06,"M|0|V"
974,"Mahsati",806,4280,0.5,0.78,0.27,"K|5|V"
9827,"Tianyi",544.751,2525,0.1,0.48,0.07,"M|2|V"
3210,"Auroraflame",409.46,2979,0.1,0.17,0.01,"M|3|V"
6771,"Cerulean Abyss",710.227,2605,0.1,0.52,0.04,"M|7|V"
1456,"Enigmatic Abyss",557.993,2420,0.4,0.48,0.06,"M|4|V"
9688,"Arcadian Whispers",562.348,2477,0.2,0.55,0.07,"M|3|V"
473,"Uklun",1289.47,4377,0.5,0.76,0.24,"K|2|V"
8039,"Hunor",780,4291,0.7,0.94,0.23,"K|3|V"
8848,"Photara",746.603,3449,0.2,0.01,0.08,"M|0|V"
1826,"Hoggar",947.508,2506,0.2,0.31,0.02,"M|8|V"
4748,"Aludra",1709.4,2512,0.2,0.34,0.07,"M|4|V"
8532,"Elysionix",1107,3551,0.3,0.66,0.04,"M|1|V"
9510,"Márohu",1137.01,5343,0.8,1.09,1.25,"G|4|V"
7532,"Sharjah",291.9,2668,0.3,0.41,0.06,"M|5|V"
9624,"Thunderpeak",1215.95,4389,0.8,0.72,0.48,"K|2|V"
8618,"Bellatrix",229.567,3995,0.6,0.73,0.5,"K|7|V"
5094,"Torii Celestial",272,2676,0.2,0.16,0.02,"M|1|V"
8520,"Sora",503.6,3715,0.6,0.74,0.6,"K|6|V"
6617,"Kraz",561.482,2481,0.2,0.04,0.04,"M|1|V"
5841,"Rukbat",619.4252,4026,0.6,0.76,0.2,"K|7|V"
6829,"Lysian Nexus",1020.93,2674,0.2,0.15,0.01,"M|2|V"
5665,"Prima Hyadum",34.69,3080,0.2,0.2,0.07,"M|3|V"
4885,"Pulsariana",527.24,3251,0.3,0.41,0.03,"M|1|V"
4047,"Horus' Gaze",52.7,3081,0.1,0.62,0.07,"M|4|V"
4822,"Moriah",35.7,2732,0.4,0.02,0.05,"M|5|V"
1719,"Franz",1503.53,2519,0.3,0.3,0.05,"M|1|V"
904,"Shaula",30.8,4008,0.8,0.85,0.54,"K|6|V"
6575,"Elgafar",16.93,3804,0.5,0.89,0.19,"K|3|V"
582,"Edasich",421.636,4776,0.6,0.79,0.23,"K|2|V"
9318,"Radiancea",933.01,4218,0.7,0.78,0.14,"K|2|V"
806,"Tsubasa Echoes",186.6,5381,0.9,1.01,0.95,"G|5|V"
5084,"Skyforged",138.087,3210,0.1,0.03,0.06,"M|3|V"
9490,"Kūkan Cascade",522.605,4628,0.6,0.79,0.24,"K|2|V"
9224,"Starglow Spectra",124.68,3851,0.5,0.77,0.33,"K|7|V"
6251,"Sadr",188.7,2796,0.4,0.23,0.06,"M|1|V"
1766,"Muscida",396.102,5552,1,1.04,0.67,"G|4|V"
4696,"Libertas",323.698,2517,0.4,0.54,0.07,"M|1|V"
225,"Achird",644.43,5496,0.9,1.03,0.92,"G|5|V"
3368,"Obsidian Threshold",7380,2566,0.1,0.17,0.02,"M|2|V"
6451,"Adhara",80.9,3127,0.3,0.17,0.01,"M|3|V"
8723,"Diya",74.5,5248,0.9,1.08,1.23,"G|5|V"
1434,"Itonda",6710,4240,0.6,0.73,0.45,"K|5|V"
4631,"Castula",60.8447,3774,0.5,0.9,0.32,"K|6|V"
4279,"Inazuma Shadows",156.264,2711,0.2,0.19,0.03,"M|3|V"
599,"Sekhmet's Ember",836.13,3356,0.1,0.15,0.06,"M|2|V"
5532,"Komorebi",3320,2545,0.3,0.22,0.08,"M|6|V"
7407,"Celestrium",112.7,2569,0.2,0.25,0.08,"M|4|V"
8463,"Clandestine Nebula",1233.85,3118,0.1,0.64,0.08,"M|1|V"
5674,"Menkar",353.38,3257,0.4,0.63,0.01,"M|0|V"
8261,"Ephemeral Phoenix",15.87,4340,0.7,0.87,0.5,"K|2|V"
2721,"Nebula Mirage",586.2,2683,0.4,0.53,0,"M|3|V"
6697,"Umi Expanse",483.185,2934,0.2,0.21,0.03,"M|3|V"
7964,"Quantumara",2.5461299,2526,0.3,0.43,0.05,"M|5|V"
3697,"Gloas",873.82,3345,0.2,0.53,0.03,"M|0|V"
8635,"Blizzardrider",401.6,4846,0.8,0.86,0.36,"K|1|V"
5256,"Acamar",1562.01,3187,0.2,0.4,0.03,"M|2|V"
1640,"Tegmine",63.6796,5525,0.9,0.98,1,"G|5|V"
3016,"Rasalgethi",1667,2783,0.3,0.22,0.01,"M|2|V"
8110,"Mira",742.16,4075,0.5,0.83,0.37,"K|3|V"
267,"Zypheron",813.46,2739,0.4,0.42,0.01,"M|2|V"
8646,"Akatsuki Celestial",46.2,2680,0.3,0.33,0.02,"M|3|V"
1321,"Zhang",2200,2613,0.4,0.01,0.06,"M|1|V"
9363,"Dombay",4500,2917,0.1,0.26,0.06,"M|5|V"
8182,"Umi Celestial",884.173,2948,0.1,0.54,0.04,"M|5|V"
4896,"Irena",471.698,3979,0.5,0.81,0.14,"K|7|V"
74,"Mjornir",223,3167,0.4,0.48,0.05,"M|3|V"
994,"Segin",917.8,2497,0.4,0.18,0.03,"M|6|V"
3248,"Arcalís",357,2492,0.4,0.29,0.07,"M|3|V"
3543,"Celaeno",281.7,2945,0.1,0.29,0.06,"M|2|V"
2949,"Cosmosis",668.986,3955,0.7,0.76,0.42,"K|7|V"
5694,"Lunacara",504.312,2566,0.4,0.47,0.03,"M|5|V"
3966,"Umbral Silence",557,3038,0.4,0.45,0.03,"M|2|V"
7739,"Vorpal Abyss",446.05,2529,0.1,0.59,0.08,"M|6|V"
8060,"Cassionix",1001.2,4086,0.5,0.7,0.4,"K|0|V"
6986,"Atria",862.366,3200,0.1,0.32,0.03,"M|2|V"
4215,"Heliconian Mirage",428.3,2629,0.1,0.14,0.02,"M|4|V"
2710,"Castor",115.557,2654,0.3,0.22,0.03,"M|5|V"
1323,"Astromara",65,2906,0.3,0.28,0.07,"M|1|V"
4979,"Torii Shadows",799.552,2493,0.2,0.34,0.07,"M|5|V"
9630,"Sadalbari",732.73,3189,0.2,0.46,0.08,"M|3|V"
8209,"Revati",434.28,3843,0.7,0.8,0.39,"K|6|V"
1953,"Salm",603.865,4136,0.6,0.7,0.23,"K|2|V"
656,"Citadelle",753.409,2901,0.3,0.67,0.08,"M|4|V"
8288,"Alula Borealis",114.2,2414,0.2,0.03,0.07,"M|5|V"
4863,"Phantara",650,3344,0.2,0.32,0.02,"M|0|V"
7699,"Sylvarix",719,3050,0.4,0.1,0.01,"M|3|V"
1374,"Sakura Mirage",786.473,4184,0.8,0.91,0.59,"K|2|V"
4654,"Cryptic Shadows",379.363,3702,0.7,0.77,0.41,"K|5|V"
6768,"Nova Cascade",1562.99,4759,0.5,0.95,0.09,"K|0|V"
5362,"Kachō",909.753,4750,0.8,0.9,0.15,"K|2|V"
7114,"Ebon Cosmos",379.55,4041,0.8,0.78,0.27,"K|2|V"
8955,"Ma'at's Silence",30.686,2730,0.1,0.32,0.06,"M|0|V"
1721,"Alphard",78.24,2772,0.1,0.52,0.06,"M|3|V"
3749,"Hunahpú",858.23,2459,0.2,0.13,0.02,"M|5|V"
7562,"Inari's Cascade",592.711,2467,0.2,0.22,0.06,"M|5|V"
6954,"Vindemiatrix",57.1,3900,0.6,0.91,0.13,"K|7|V"
4051,"Polaris",1111.36,4546,0.7,0.92,0.27,"K|1|V"
3824,"Grimclaw",869.565,3960,0.7,0.7,0.2,"K|3|V"
8782,"Nusakan",41.7,2423,0.3,0.22,0.07,"M|3|V"
1487,"Tupã",69.3649,2578,0.4,0.53,0.02,"M|4|V"
8382,"Ebon Labyrinth",165,4674,0.6,0.73,0.49,"K|0|V"
3722,"Komorebi Cascade",798.3395,2877,0.4,0.15,0.05,"M|5|V"
2190,"Thoth's Nebula",17.3,2485,0.2,0.34,0.07,"M|8|V"
7280,"Lerna",598,3826,0.7,0.95,0.41,"K|3|V"
3140,"Pleione",274.99,2567,0.4,0.37,0.06,"M|6|V"
459,"Furud",21.88,5593,0.9,0.98,0.8,"G|2|V"
8207,"Meleph",176.965,3482,0.1,0.28,0.07,"M|0|V"
